MMSI,MMSI_String,ShipName,latitude,longitude,time_utc,Cog,CommunicationState,Latitude,Longitude,MessageID,NavigationalStatus,PositionAccuracy,Raim,RateOfTurn,RepeatIndicator,Sog,Spare,SpecialManoeuvreIndicator,Timestamp,TrueHeading,UserID,Valid,port
366857070,366857070,JET CAT EXPRESS     ,33.76302,-118.19926833333334,2025-07-13T11:32:01.207714+00:00,229.4,85962,33.76302,-118.19926833333334,3,5,False,True,-128,0,0.0,0,0,0,511,366857070,True,los_angeles
311001625,311001625,SAGA ODYSSEY        ,33.73471,-118.15070833333333,2025-07-13T11:32:01.601918+00:00,215.7,0,33.73471,-118.15070833333333,3,1,False,False,0,0,0.0,0,0,58,277,311001625,True,los_angeles
367124980,367124980,BEN CHERAMIE        ,33.73449,-118.27072666666666,2025-07-13T11:32:02.058425+00:00,218.2,49316,33.73449,-118.27072666666666,1,0,True,True,-128,0,0.0,0,0,1,511,367124980,True,los_angeles
368375410,368375410,METS-3              ,33.76347,-118.26037333333333,2025-07-13T11:32:03.295304+00:00,360.0,49286,33.76347,-118.26037333333333,1,0,True,True,0,0,0.0,0,0,1,175,368375410,True,los_angeles
367401030,367401030,DELTA BILLIE        ,33.75584666666666,-118.21521333333334,2025-07-13T11:32:04.765281+00:00,165.7,138160,33.75584666666666,-118.21521333333334,3,0,False,False,127,0,3.7,0,0,48,159,367401030,True,los_angeles
338926431,338926431,CGC TERRELL HORNE,33.72499333333334,-118.26926833333333,2025-07-13T11:32:05.543725+00:00,65.0,85642,33.72499333333334,-118.26926833333333,3,5,True,False,0,0,0.0,0,0,3,161,338926431,True,los_angeles
636025233,636025233,VOLARE              ,33.73023666666667,-118.22804333333333,2025-07-13T11:32:06.845863+00:00,271.5,84938,33.73023666666667,-118.22804333333333,3,1,True,False,0,0,0.0,0,0,5,183,636025233,True,los_angeles
367330510,367330510,PATRICIA ANN,33.75721,-118.27588999999999,2025-07-13T11:32:07.207410+00:00,157.4,4288,33.75721,-118.27588999999999,3,0,True,True,127,0,3.0,0,0,6,148,367330510,True,los_angeles
366926740,366926740,TIM QUIGG,33.76365,-118.25703333333333,2025-07-13T11:32:07.302918+00:00,214.2,22144,33.76365,-118.25703333333333,1,0,False,False,0,0,0.0,0,0,7,205,366926740,True,los_angeles
367395280,367395280,CLEAN OCEAN         ,33.73191666666666,-118.26424999999999,2025-07-13T11:32:08.150249+00:00,233.7,2251,33.73191666666666,-118.26424999999999,1,0,False,False,0,0,0.0,0,0,7,219,367395280,True,los_angeles
367625810,367625810,DELTA AUDREY        ,33.751675,-118.21808833333333,2025-07-13T11:32:09.548846+00:00,225.5,49307,33.751675,-118.21808833333333,1,0,True,False,0,0,2.9,0,0,9,53,367625810,True,los_angeles
368136950,368136950,HERCULES            ,33.73336666666667,-118.24843333333334,2025-07-13T11:32:10.389305+00:00,318.7,98683,33.73336666666667,-118.24843333333334,1,0,False,False,-127,0,0.2,0,0,8,97,368136950,True,los_angeles
477116400,477116400,OOCL SUNFLOWER      ,33.75416333333333,-118.21582666666667,2025-07-13T11:32:10.502656+00:00,197.1,82103,33.75416333333333,-118.21582666666667,1,0,False,False,0,0,3.0,0,0,8,25,477116400,True,los_angeles
367330510,367330510,PATRICIA ANN,33.75715666666667,-118.27586666666666,2025-07-13T11:32:10.832440+00:00,163.6,2216,33.75715666666667,-118.27586666666666,1,0,True,True,127,0,3.2,0,0,10,150,367330510,True,los_angeles
338366226,338366226,V.A.POINT VICENTE   ,33.71702166666667,-118.23643166666668,2025-07-13T11:32:11.292610+00:00,252.9,133521,33.71702166666667,-118.23643166666668,3,0,False,False,0,0,24.9,0,0,11,253,338366226,True,los_angeles
368136950,368136950,HERCULES            ,33.73336666666667,-118.24843333333334,2025-07-13T11:32:12.561369+00:00,291.1,8480,33.73336666666667,-118.24843333333334,3,0,False,False,-127,0,0.2,0,0,10,96,368136950,True,los_angeles
367035570,367035570,AMERICAN ISLANDER   ,33.733421666666665,-118.263485,2025-07-13T11:32:13.832263+00:00,233.7,66048,33.733421666666665,-118.263485,1,3,False,True,0,0,0.0,0,0,14,178,367035570,True,los_angeles
366892000,366892000,JAMIE ANN           ,33.754688333333334,-118.21639333333333,2025-07-13T11:32:13.833260+00:00,204.5,2992,33.754688333333334,-118.21639333333333,3,0,True,False,-127,0,2.6,0,0,12,207,366892000,True,los_angeles
229622000,229622000,MSC TRIESTE         ,33.75452166666667,-118.23164666666666,2025-07-13T11:32:14.601482+00:00,144.6,84890,33.75452166666667,-118.23164666666666,3,5,False,False,0,0,0.0,0,0,15,250,229622000,True,los_angeles
477845600,477845600,COSCO ITALY         ,33.75373833333334,-118.21419333333333,2025-07-13T11:32:18.212046+00:00,80.4,87994,33.75373833333334,-118.21419333333333,3,5,False,False,0,0,0.0,0,0,18,0,477845600,True,los_angeles
366760650,366760650,LEADER              ,33.733846666666665,-118.24532833333333,2025-07-13T11:32:19.446389+00:00,238.9,82114,33.733846666666665,-118.24532833333333,1,0,True,False,0,0,0.1,0,0,18,64,366760650,True,los_angeles
338140889,338140889,SEA GUARDIAN        ,33.76994833333333,-118.21234166666666,2025-07-13T11:32:20.525065+00:00,230.5,82054,33.76994833333333,-118.21234166666666,1,15,True,True,-128,0,0.0,0,0,20,511,338140889,True,los_angeles
354632000,354632000,GLORY CUIABA        ,33.73558333333333,-118.15945,2025-07-13T11:32:22.254058+00:00,178.0,0,33.73558333333333,-118.15945,3,1,False,False,0,0,0.1,0,0,22,241,354632000,True,los_angeles
636022451,636022451,MSC MARTINA MARIA   ,33.751661666666664,-118.24132666666667,2025-07-13T11:32:22.403664+00:00,282.9,84938,33.751661666666664,-118.24132666666667,3,5,False,False,0,0,0.0,0,0,21,250,636022451,True,los_angeles
368226970,368226970,LA FIREBOAT 2       ,33.74041666666667,-118.27813333333333,2025-07-13T11:32:22.524180+00:00,247.2,33605,33.74041666666667,-118.27813333333333,1,0,False,True,-128,0,0.1,0,0,23,511,368226970,True,los_angeles
366921510,366921510,SUN SPIRIT          ,33.75593,-118.27410166666667,2025-07-13T11:32:22.901953+00:00,316.1,84570,33.75593,-118.27410166666667,3,5,True,False,25,0,0.0,0,0,21,154,366921510,True,los_angeles
419001313,419001313,JAG LOKESH          ,33.728225,-118.15442,2025-07-13T11:32:23.553278+00:00,285.3,86586,33.728225,-118.15442,3,1,False,False,0,0,0.0,0,0,24,275,419001313,True,los_angeles
416464000,416464000,YM UNICORN          ,33.755833333333335,-118.27483333333333,2025-07-13T11:32:24.180562+00:00,151.1,82070,33.755833333333335,-118.27483333333333,1,0,False,False,0,0,3.0,0,0,23,147,416464000,True,los_angeles
338241000,338241000,MAERSK KINLOSS,33.731813333333335,-118.24880333333334,2025-07-13T11:32:26.869442+00:00,70.6,85434,33.731813333333335,-118.24880333333334,3,5,False,False,0,0,0.0,0,0,25,71,338241000,True,los_angeles
351124000,351124000,AMERICAN HIGHWAY    ,33.73813666666667,-118.20931666666667,2025-07-13T11:32:27.058797+00:00,312.6,82133,33.73813666666667,-118.20931666666667,1,0,True,False,0,0,6.4,0,0,25,313,351124000,True,los_angeles
367471080,367471080,ISABEL L            ,33.72796,-118.27174833333333,2025-07-13T11:32:27.415360+00:00,161.3,4784,33.72796,-118.27174833333333,3,0,True,False,0,0,5.9,0,0,28,161,367471080,True,los_angeles
368171390,368171390,BROOKS M HAMILTON   ,33.73120166666667,-118.26097166666666,2025-07-13T11:32:28.258892+00:00,263.1,33819,33.73120166666667,-118.26097166666666,1,0,True,False,0,0,0.0,0,0,26,338,368171390,True,los_angeles
563201600,563201600,WAN HAI A05         ,33.758568333333336,-118.25934333333333,2025-07-13T11:32:28.464463+00:00,220.4,84938,33.758568333333336,-118.25934333333333,3,5,False,False,0,0,0.0,0,0,27,38,563201600,True,los_angeles
338366226,338366226,V.A.POINT VICENTE   ,33.716415,-118.23880333333334,2025-07-13T11:32:29.249563+00:00,253.1,230466,33.716415,-118.23880333333334,1,0,False,False,0,0,24.9,0,0,29,254,338366226,True,los_angeles
366998840,366998840,MILLENIUM MAVERICK  ,33.753366666666665,-118.27308333333333,2025-07-13T11:32:30.076464+00:00,153.8,33884,33.753366666666665,-118.27308333333333,1,0,False,False,127,0,3.1,0,0,30,348,366998840,True,los_angeles
338602000,338602000,BALTIMORE           ,33.73495,-118.23197333333333,2025-07-13T11:32:30.104789+00:00,292.0,33889,33.73495,-118.23197333333333,1,15,False,False,0,0,0.2,0,0,35,150,338602000,True,los_angeles
368165820,368165820,V.A.POINT FERMIN    ,33.723355,-118.28055166666667,2025-07-13T11:32:30.952023+00:00,227.8,82071,33.723355,-118.28055166666667,1,0,True,True,-128,0,0.1,0,0,31,511,368165820,True,los_angeles
367401030,367401030,DELTA BILLIE        ,33.755383333333334,-118.21520833333334,2025-07-13T11:32:31.461288+00:00,199.0,165012,33.755383333333334,-118.21520833333334,1,0,False,False,-127,0,2.8,0,0,15,179,367401030,True,los_angeles
368133450,368133450,DARELL HIATT        ,33.72734166666667,-118.19542166666666,2025-07-13T11:32:32.669925+00:00,161.9,23635,33.72734166666667,-118.19542166666666,3,12,True,False,0,0,0.1,0,0,31,249,368133450,True,los_angeles
366768030,366768030,STARSHIP EXPRESS    ,33.762411666666665,-118.19915166666667,2025-07-13T11:32:35.192405+00:00,228.0,0,33.762411666666665,-118.19915166666667,3,5,True,False,-128,0,0.0,0,0,33,511,366768030,True,los_angeles
413171000,413171000,XIN FEI ZHOU        ,33.741036666666666,-118.197455,2025-07-13T11:32:35.280610+00:00,282.7,86010,33.741036666666666,-118.197455,3,5,False,False,0,0,0.0,0,0,35,270,413171000,True,los_angeles
367006770,367006770,ROBYN J             ,33.72907333333333,-118.27569,2025-07-13T11:32:37.482654+00:00,273.0,34167,33.72907333333333,-118.27569,1,0,True,True,0,0,0.0,0,0,36,128,367006770,True,los_angeles
366755010,366755010,MASTER,33.740291666666664,-118.27810166666667,2025-07-13T11:32:38.177554+00:00,196.3,22144,33.740291666666664,-118.27810166666667,1,15,True,False,0,0,0.0,0,0,38,11,366755010,True,los_angeles
636024330,636024330,HMM TOPAZ           ,33.72972166666667,-118.256565,2025-07-13T11:32:38.760856+00:00,184.4,84938,33.72972166666667,-118.256565,3,5,False,False,0,0,0.0,0,0,36,250,636024330,True,los_angeles
367698890,367698890,LBFD FB20           ,33.770208333333336,-118.20981166666667,2025-07-13T11:32:39.028373+00:00,102.3,85594,33.770208333333336,-118.20981166666667,3,5,False,False,-128,0,0.1,0,0,37,511,367698890,True,los_angeles
367133910,367133910,FIREBOAT 4          ,33.76570666666667,-118.25547499999999,2025-07-13T11:32:39.330096+00:00,246.1,30595,33.76570666666667,-118.25547499999999,3,0,False,True,-128,0,0.0,0,0,39,511,367133910,True,los_angeles
636023051,636023051,KUFRA               ,33.77509,-118.21414,2025-07-13T11:32:39.414546+00:00,54.3,84826,33.77509,-118.21414,3,5,False,False,0,0,0.0,0,0,37,245,636023051,True,los_angeles
367533290,367533290,MARIE CHERAMIE,33.734485,-118.270925,2025-07-13T11:32:41.351214+00:00,12.7,34278,33.734485,-118.270925,1,0,False,False,0,0,0.0,0,0,40,4,367533290,True,los_angeles
368133450,368133450,DARELL HIATT        ,33.72735166666667,-118.19541166666666,2025-07-13T11:32:41.354817+00:00,161.9,2240,33.72735166666667,-118.19541166666666,1,12,True,False,0,0,0.0,0,0,40,249,368133450,True,los_angeles
368351350,368351350,MARMAC 304          ,33.74586333333333,-118.22424166666666,2025-07-13T11:32:42.159101+00:00,289.2,49330,33.74586333333333,-118.22424166666666,1,15,False,False,0,0,0.0,0,0,41,9,368351350,True,los_angeles
636020555,636020555,BALTIC LOYALTY      ,33.72885,-118.16353333333333,2025-07-13T11:32:42.336120+00:00,201.0,0,33.72885,-118.16353333333333,3,1,False,False,0,0,0.0,0,0,40,243,636020555,True,los_angeles
368010330,368010330,LILLIAN FOSS        ,33.7707,-118.21250833333333,2025-07-13T11:32:43.515140+00:00,321.7,34393,33.7707,-118.21250833333333,1,0,False,False,0,0,0.0,0,0,41,63,368010330,True,los_angeles
367492920,367492920,WYATT M             ,33.735503333333334,-118.27122833333333,2025-07-13T11:32:43.515655+00:00,262.6,2259,33.735503333333334,-118.27122833333333,1,15,True,False,0,0,0.1,0,0,42,11,367492920,True,los_angeles
367672140,367672140,MAURETANIA          ,33.72353833333333,-118.280445,2025-07-13T11:32:43.604451+00:00,164.5,34350,33.72353833333333,-118.280445,1,15,False,True,-128,0,0.0,0,0,41,511,367672140,True,los_angeles
368024740,368024740,LB PILOT BOAT  ORION,33.74723,-118.21566166666666,2025-07-13T11:32:43.917585+00:00,121.4,8864,33.74723,-118.21566166666666,3,0,False,False,-127,0,0.0,0,0,42,97,368024740,True,los_angeles
368084540,368084540,DELTA TERESA        ,33.73419833333333,-118.24350666666666,2025-07-13T11:32:45.011307+00:00,347.0,49345,33.73419833333333,-118.24350666666666,1,0,True,False,0,0,0.1,0,0,43,72,368084540,True,los_angeles
366998840,366998840,MILLENIUM MAVERICK  ,33.75311666666666,-118.27296666666666,2025-07-13T11:32:47.220503+00:00,162.3,3856,33.75311666666666,-118.27296666666666,3,0,False,False,-127,0,3.3,0,0,47,346,366998840,True,los_angeles
368171260,368171260,MADELINE B HAMILTON ,33.731265,-118.26082333333333,2025-07-13T11:32:47.227240+00:00,51.0,34532,33.731265,-118.26082333333333,1,12,True,False,0,0,0.0,0,0,46,341,368171260,True,los_angeles
338921000,338921000,CG GEORGE COBB,33.728363333333334,-118.27042833333333,2025-07-13T11:32:47.828060+00:00,308.1,85066,33.728363333333334,-118.27042833333333,3,5,False,False,0,0,0.1,0,0,47,161,338921000,True,los_angeles
367104040,367104040,KNOX T              ,33.73455166666667,-118.27126666666666,2025-07-13T11:32:47.969748+00:00,15.5,100095,33.73455166666667,-118.27126666666666,1,15,True,False,127,0,0.9,0,0,46,222,367104040,True,los_angeles
367133910,367133910,FIREBOAT 4          ,33.76548666666667,-118.25560999999999,2025-07-13T11:32:49.353851+00:00,245.5,2253,33.76548666666667,-118.25560999999999,1,0,False,True,-128,0,0.0,0,0,49,511,367133910,True,los_angeles
367661930,367661930,MICHELLE SLOAN      ,33.73710333333334,-118.20812,2025-07-13T11:32:52.293486+00:00,311.7,22144,33.73710333333334,-118.20812,1,0,True,False,0,0,5.9,0,0,52,312,367661930,True,los_angeles
367565520,367565520,LANA                ,33.77118333333333,-118.21283,2025-07-13T11:32:52.842630+00:00,68.1,2234,33.77118333333333,-118.21283,1,0,False,False,-128,0,0.0,0,0,53,511,367565520,True,los_angeles
366892000,366892000,JAMIE ANN           ,33.75418833333333,-118.21660833333334,2025-07-13T11:32:53.616890+00:00,203.4,49261,33.75418833333333,-118.21660833333334,1,0,True,False,127,0,3.1,0,0,52,212,366892000,True,los_angeles
338525791,338525791,AERAS-1             ,33.771121666666666,-118.21381333333333,2025-07-13T11:32:55.165026+00:00,73.9,85274,33.771121666666666,-118.21381333333333,3,5,False,False,-128,0,0.0,0,0,54,511,338525791,True,los_angeles
367104040,367104040,KNOX T              ,33.73460166666667,-118.27121333333334,2025-07-13T11:32:56.204494+00:00,39.3,3968,33.73460166666667,-118.27121333333334,3,15,True,False,127,0,1.6,0,0,54,226,367104040,True,los_angeles
357175000,357175000,NYK REMUS           ,33.76074166666667,-118.27319333333334,2025-07-13T11:32:56.557903+00:00,108.4,0,33.76074166666667,-118.27319333333334,3,5,False,False,0,0,0.0,0,0,56,200,357175000,True,los_angeles
367754810,367754810,,33.76999,-118.21350833333332,2025-07-13T11:32:57.833235+00:00,266.2,34921,33.76999,-118.21350833333332,1,0,True,False,0,0,0.0,0,0,57,110,367754810,True,los_angeles
367421990,367421990,H R MORRIS          ,33.75300166666667,-118.22069,2025-07-13T11:32:59.504964+00:00,217.5,2209,33.75300166666667,-118.22069,1,3,True,False,-128,0,0.0,0,0,0,511,367421990,True,los_angeles
565286000,565286000,STRATEGIC EQUITY    ,33.74681,-118.20662333333333,2025-07-13T11:33:00.455431+00:00,104.8,86970,33.74681,-118.20662333333333,3,5,False,False,-1,0,0.0,0,0,0,179,565286000,True,los_angeles
368024740,368024740,LB PILOT BOAT  ORION,33.74722166666667,-118.215665,2025-07-13T11:33:00.587876+00:00,121.4,32778,33.74722166666667,-118.215665,1,0,False,False,0,0,0.0,0,0,59,98,368024740,True,los_angeles
477124900,477124900,GUNVOR MAERSK,33.733021666666666,-118.244945,2025-07-13T11:33:00.596588+00:00,71.0,85194,33.733021666666666,-118.244945,3,5,False,False,0,0,0.0,0,0,59,71,477124900,True,los_angeles
367124980,367124980,BEN CHERAMIE        ,33.734516666666664,-118.270735,2025-07-13T11:33:02.138025+00:00,223.0,32806,33.734516666666664,-118.270735,1,0,True,True,-128,0,0.1,0,0,1,511,367124980,True,los_angeles
636013691,636013691,YM UPWARD           ,33.75428166666667,-118.27551166666667,2025-07-13T11:33:02.653119+00:00,209.5,84522,33.75428166666667,-118.27551166666667,3,5,False,False,-8,0,0.0,0,0,1,331,636013691,True,los_angeles
367471080,367471080,ISABEL L            ,33.72699166666667,-118.27140166666666,2025-07-13T11:33:02.753423+00:00,166.8,98369,33.72699166666667,-118.27140166666666,1,0,True,False,-127,0,6.0,0,0,2,168,367471080,True,los_angeles
368375410,368375410,METS-3              ,33.763436666666664,-118.26036,2025-07-13T11:33:03.245653+00:00,360.0,32845,33.763436666666664,-118.26036,1,0,True,True,0,0,0.0,0,0,1,176,368375410,True,los_angeles
368159190,368159190,LB PILOT POLARIS 3  ,33.74731166666667,-118.21566,2025-07-13T11:33:06.072609+00:00,253.6,82094,33.74731166666667,-118.21566,1,0,False,False,-128,0,0.0,0,0,4,511,368159190,True,los_angeles
367401030,367401030,DELTA BILLIE        ,33.754913333333334,-118.21533166666667,2025-07-13T11:33:06.331694+00:00,192.5,134992,33.754913333333334,-118.21533166666667,3,0,False,False,127,0,2.8,0,0,50,189,367401030,True,los_angeles
366926740,366926740,TIM QUIGG,33.76365,-118.25703333333333,2025-07-13T11:33:07.294309+00:00,223.8,2264,33.76365,-118.25703333333333,1,0,False,False,0,0,0.0,0,0,7,205,366926740,True,los_angeles
367330510,367330510,PATRICIA ANN,33.756458333333335,-118.27534333333332,2025-07-13T11:33:07.442151+00:00,141.3,3936,33.756458333333335,-118.27534333333332,3,0,True,True,-127,0,3.2,0,0,7,149,367330510,True,los_angeles
367395280,367395280,CLEAN OCEAN         ,33.73191666666666,-118.26424999999999,2025-07-13T11:33:08.124963+00:00,226.1,98602,33.73191666666666,-118.26424999999999,1,0,False,False,0,0,0.2,0,0,8,220,367395280,True,los_angeles
367625810,367625810,DELTA AUDREY        ,33.75103666666667,-118.21867666666667,2025-07-13T11:33:09.657419+00:00,220.1,33107,33.75103666666667,-118.21867666666667,1,0,False,False,127,0,3.2,0,0,9,57,367625810,True,los_angeles
367034960,367034960,PONO                ,33.76744333333333,-118.216975,2025-07-13T11:33:09.793894+00:00,46.1,2235,33.76744333333333,-118.216975,1,0,False,False,-128,0,0.0,0,0,10,511,367034960,True,los_angeles
368136950,368136950,HERCULES            ,33.73338333333333,-118.24841666666666,2025-07-13T11:33:10.410699+00:00,66.9,82119,33.73338333333333,-118.24841666666666,1,0,False,False,0,0,2.1,0,0,7,68,368136950,True,los_angeles
477116400,477116400,OOCL SUNFLOWER      ,33.753348333333335,-118.2162,2025-07-13T11:33:10.628605+00:00,203.1,65921,33.753348333333335,-118.2162,1,0,False,False,0,0,3.1,0,0,9,32,477116400,True,los_angeles
563237800,563237800,EVER MEMO           ,33.74567166666667,-118.27199999999999,2025-07-13T11:33:11.335182+00:00,200.4,84938,33.74567166666667,-118.27199999999999,3,5,False,False,0,0,0.0,0,0,7,207,563237800,True,los_angeles
367001830,367001830,TERRI L BRUSCO      ,33.77088666666667,-118.21383,2025-07-13T11:33:12.740330+00:00,252.6,84266,33.77088666666667,-118.21383,3,5,True,False,0,0,0.0,0,0,11,65,367001830,True,los_angeles
367044560,367044560,PILOT BOAT BANNING  ,33.76275833333333,-118.26560166666667,2025-07-13T11:33:13.329394+00:00,218.1,66025,33.76275833333333,-118.26560166666667,1,15,True,True,-128,0,0.0,0,0,13,511,367044560,True,los_angeles
368136950,368136950,HERCULES            ,33.73341666666667,-118.24835,2025-07-13T11:33:13.660450+00:00,64.8,7680,33.73341666666667,-118.24835,3,0,False,False,127,0,2.9,0,0,11,70,368136950,True,los_angeles
367035570,367035570,AMERICAN ISLANDER   ,33.73341833333333,-118.26347833333332,2025-07-13T11:33:13.851574+00:00,227.8,49328,33.73341833333333,-118.26347833333332,1,3,False,True,0,0,0.0,0,0,14,178,367035570,True,los_angeles
367199310,367199310,CATALINA JET        ,33.763040000000004,-118.19945333333334,2025-07-13T11:33:16.102114+00:00,238.4,2222,33.763040000000004,-118.19945333333334,1,15,False,False,-128,0,0.0,0,0,17,511,367199310,True,los_angeles
366892000,366892000,JAMIE ANN           ,33.753926666666665,-118.21676000000001,2025-07-13T11:33:16.107077+00:00,205.2,8480,33.753926666666665,-118.21676000000001,3,0,True,False,-127,0,2.7,0,0,14,209,366892000,True,los_angeles
367034960,367034960,PONO                ,33.76744333333333,-118.21697166666667,2025-07-13T11:33:18.715020+00:00,47.4,21283,33.76744333333333,-118.21697166666667,3,0,False,False,-128,0,0.0,0,0,19,511,367034960,True,los_angeles
366760650,366760650,LEADER              ,33.73383333333333,-118.24536333333334,2025-07-13T11:33:19.473244+00:00,238.9,66258,33.73383333333333,-118.24536333333334,1,0,True,False,0,0,0.0,0,0,18,66,366760650,True,los_angeles
367330510,367330510,PATRICIA ANN,33.756315,-118.27520833333332,2025-07-13T11:33:19.641341+00:00,142.4,22148,33.756315,-118.27520833333332,1,0,True,True,127,0,3.2,0,0,19,149,367330510,True,los_angeles
338140889,338140889,SEA GUARDIAN        ,33.769938333333336,-118.212345,2025-07-13T11:33:20.447316+00:00,230.0,66292,33.769938333333336,-118.212345,1,15,False,True,-128,0,0.0,0,0,20,511,338140889,True,los_angeles
366760710,366760710,REDONDO             ,33.76755166666667,-118.21686500000001,2025-07-13T11:33:20.959566+00:00,224.5,85450,33.76755166666667,-118.21686500000001,3,5,True,True,-128,0,0.0,0,0,21,511,366760710,True,los_angeles
368351000,368351000,IVER FOSS           ,33.77043833333333,-118.21284166666666,2025-07-13T11:33:21.489530+00:00,118.4,84538,33.77043833333333,-118.21284166666666,3,5,True,True,0,0,0.0,0,0,21,247,368351000,True,los_angeles
215126000,215126000,CMA CGM T.JEFFERSON,33.73153,-118.25822333333333,2025-07-13T11:33:22.475409+00:00,360.0,84858,33.73153,-118.25822333333333,3,5,True,True,0,0,0.0,0,0,21,251,215126000,True,los_angeles
368226970,368226970,LA FIREBOAT 2       ,33.740613333333336,-118.27835166666667,2025-07-13T11:33:22.610789+00:00,249.8,22148,33.740613333333336,-118.27835166666667,1,0,False,True,-128,0,0.0,0,0,23,511,368226970,True,los_angeles
219130000,219130000,RHONE MAERSK        ,33.759676666666664,-118.21416166666667,2025-07-13T11:33:22.713202+00:00,94.9,86138,33.759676666666664,-118.21416166666667,3,5,False,False,0,0,0.0,0,0,23,0,219130000,True,los_angeles
416464000,416464000,YM UNICORN          ,33.75516666666667,-118.27433333333333,2025-07-13T11:33:24.189287+00:00,148.8,66436,33.75516666666667,-118.27433333333333,1,0,False,False,8,0,3.2,0,0,23,149,416464000,True,los_angeles
351124000,351124000,AMERICAN HIGHWAY    ,33.73928166666666,-118.21077333333332,2025-07-13T11:33:27.008477+00:00,314.3,66542,33.73928166666666,-118.21077333333332,1,0,True,False,0,0,5.6,0,0,26,315,351124000,True,los_angeles
366994250,366994250,MASCO ENDEAVOR      ,33.73186,-118.26415833333334,2025-07-13T11:33:27.294501+00:00,235.8,85370,33.73186,-118.26415833333334,3,5,True,False,-128,0,0.0,0,0,27,511,366994250,True,los_angeles
368171390,368171390,BROOKS M HAMILTON   ,33.73120333333333,-118.26095166666667,2025-07-13T11:33:28.268647+00:00,263.1,22148,33.73120333333333,-118.26095166666667,1,0,True,False,0,0,0.0,0,0,26,338,368171390,True,los_angeles
366998840,366998840,MILLENIUM MAVERICK  ,33.75255,-118.27266666666667,2025-07-13T11:33:29.935891+00:00,152.5,22148,33.75255,-118.27266666666667,1,0,False,False,127,0,3.3,0,0,30,332,366998840,True,los_angeles
477945300,477945300,ONE FORTUNE         ,33.743575,-118.19445999999999,2025-07-13T11:33:30.042931+00:00,0.0,85514,33.743575,-118.19445999999999,3,5,False,False,0,0,0.0,0,0,28,90,477945300,True,los_angeles
338602000,338602000,BALTIMORE           ,33.734946666666666,-118.23197333333333,2025-07-13T11:33:30.274391+00:00,252.0,22148,33.734946666666666,-118.23197333333333,1,15,False,False,0,0,0.3,0,0,35,150,338602000,True,los_angeles
367401030,367401030,DELTA BILLIE        ,33.754443333333334,-118.21546,2025-07-13T11:33:31.618830+00:00,185.8,153216,33.754443333333334,-118.21546,1,0,False,False,127,0,3.4,0,0,15,185,367401030,True,los_angeles
338366226,338366226,V.A.POINT VICENTE   ,33.71461,-118.24734,2025-07-13T11:33:33.215790+00:00,261.4,197844,33.71461,-118.24734,1,0,False,False,0,0,24.9,0,0,33,264,338366226,True,los_angeles
367035570,367035570,AMERICAN ISLANDER   ,33.733415,-118.26349,2025-07-13T11:33:34.016446+00:00,229.3,25171,33.733415,-118.26349,3,3,False,True,0,0,0.0,0,0,34,178,367035570,True,los_angeles
563889000,563889000,BW WREN             ,33.76333833333334,-118.25992333333333,2025-07-13T11:33:36.307511+00:00,62.2,84682,33.76333833333334,-118.25992333333333,3,5,True,False,0,0,0.0,0,0,36,176,563889000,True,los_angeles
538070070,538070070,TRITON              ,33.761345,-118.19316333333333,2025-07-13T11:33:37.454724+00:00,356.1,84906,33.761345,-118.19316333333333,3,5,False,False,0,0,0.0,0,0,37,353,538070070,True,los_angeles
374803000,374803000,BOSTON HARMONY      ,33.72768666666666,-118.19571666666667,2025-07-13T11:33:38.080915+00:00,2.4,84938,33.72768666666666,-118.19571666666667,3,1,True,False,0,0,0.0,0,0,34,250,374803000,True,los_angeles
366755010,366755010,MASTER,33.740269999999995,-118.27813166666667,2025-07-13T11:33:38.167687+00:00,196.3,2229,33.740269999999995,-118.27813166666667,1,15,True,False,0,0,0.0,0,0,38,10,366755010,True,los_angeles
367533290,367533290,MARIE CHERAMIE,33.734485,-118.270925,2025-07-13T11:33:41.142057+00:00,12.7,22148,33.734485,-118.270925,1,0,False,False,5,0,0.0,0,0,40,4,367533290,True,los_angeles
368351350,368351350,MARMAC 304          ,33.745846666666665,-118.22423666666667,2025-07-13T11:33:42.311912+00:00,289.2,22136,33.745846666666665,-118.22423666666667,1,15,False,False,0,0,0.0,0,0,41,9,368351350,True,los_angeles
367492920,367492920,WYATT M             ,33.73552166666666,-118.27122666666668,2025-07-13T11:33:43.722501+00:00,90.8,49324,33.73552166666666,-118.27122666666668,1,15,True,False,0,0,0.1,0,0,42,10,367492920,True,los_angeles
368010330,368010330,LILLIAN FOSS        ,33.770673333333335,-118.21252666666666,2025-07-13T11:33:43.723508+00:00,321.7,22148,33.770673333333335,-118.21252666666666,1,0,False,False,0,0,0.0,0,0,41,62,368010330,True,los_angeles
367760290,367760290,FIREBOAT 15         ,33.74789,-118.21544833333334,2025-07-13T11:33:44.540238+00:00,340.1,84010,33.74789,-118.21544833333334,3,5,False,False,-127,0,0.0,0,0,43,310,367760290,True,los_angeles
368024740,368024740,LB PILOT BOAT  ORION,33.747233333333334,-118.21566666666666,2025-07-13T11:33:44.644017+00:00,121.4,8320,33.747233333333334,-118.21566666666666,3,0,False,False,127,0,0.0,0,0,43,99,368024740,True,los_angeles
368084540,368084540,DELTA TERESA        ,33.734188333333336,-118.24353500000001,2025-07-13T11:33:45.023896+00:00,347.0,34446,33.734188333333336,-118.24353500000001,1,0,True,False,0,0,0.1,0,0,43,71,368084540,True,los_angeles
441701000,441701000,SM LONG BEACH       ,33.767466666666664,-118.23716666666665,2025-07-13T11:33:45.911596+00:00,199.0,0,33.767466666666664,-118.23716666666665,3,5,False,False,0,0,0.0,0,0,45,75,441701000,True,los_angeles
368171260,368171260,MADELINE B HAMILTON ,33.73124333333333,-118.26084333333333,2025-07-13T11:33:47.285117+00:00,51.0,22148,33.73124333333333,-118.26084333333333,1,12,True,False,0,0,0.0,0,0,46,342,368171260,True,los_angeles
477293900,477293900,CSCL SUMMER         ,33.736775,-118.19228833333334,2025-07-13T11:33:47.957495+00:00,190.8,84938,33.736775,-118.19228833333334,3,5,False,False,0,0,0.0,0,0,45,90,477293900,True,los_angeles
367104040,367104040,KNOX T              ,33.734935,-118.27086,2025-07-13T11:33:47.976619+00:00,31.0,82084,33.734935,-118.27086,1,15,True,False,-127,0,1.7,0,0,46,198,367104040,True,los_angeles
367133910,367133910,FIREBOAT 4          ,33.76545333333333,-118.25562333333333,2025-07-13T11:33:49.428078+00:00,245.0,114840,33.76545333333333,-118.25562333333333,1,0,False,True,-128,0,0.0,0,0,50,511,367133910,True,los_angeles
368133450,368133450,DARELL HIATT        ,33.727378333333334,-118.19542,2025-07-13T11:33:51.144321+00:00,161.9,49356,33.727378333333334,-118.19542,1,12,True,False,0,0,0.1,0,0,50,247,368133450,True,los_angeles
367661930,367661930,MICHELLE SLOAN      ,33.73815333333333,-118.20949666666667,2025-07-13T11:33:52.335323+00:00,310.7,2254,33.73815333333333,-118.20949666666667,1,0,True,False,0,0,5.3,0,0,52,309,367661930,True,los_angeles
367565520,367565520,LANA                ,33.77117833333333,-118.21286666666667,2025-07-13T11:33:52.450856+00:00,68.1,100263,33.77117833333333,-118.21286666666667,1,0,False,False,-128,0,0.1,0,0,53,511,367565520,True,los_angeles
366998840,366998840,MILLENIUM MAVERICK  ,33.752233333333336,-118.27250000000001,2025-07-13T11:33:54.074588+00:00,164.1,8176,33.752233333333336,-118.27250000000001,3,0,False,False,127,0,3.3,0,0,54,350,366998840,True,los_angeles
367672140,367672140,MAURETANIA          ,33.723553333333335,-118.28043333333333,2025-07-13T11:33:54.316492+00:00,164.5,49306,33.723553333333335,-118.28043333333333,1,15,False,True,-128,0,0.0,0,0,53,511,367672140,True,los_angeles
366888850,366888850,LINDSAY C           ,33.75365166666667,-118.22414333333333,2025-07-13T11:33:55.143541+00:00,169.5,85898,33.75365166666667,-118.22414333333333,3,5,False,False,0,0,0.0,0,0,54,255,366888850,True,los_angeles
367017440,367017440,PIPER INNESS        ,33.77086166666667,-118.21169499999999,2025-07-13T11:33:56.859942+00:00,234.3,84410,33.77086166666667,-118.21169499999999,3,5,True,True,-128,0,0.1,0,0,57,511,367017440,True,los_angeles
367006770,367006770,ROBYN J             ,33.72907333333333,-118.27569166666667,2025-07-13T11:33:57.535128+00:00,273.0,100455,33.72907333333333,-118.27569166666667,1,0,True,True,0,0,0.0,0,0,56,128,367006770,True,los_angeles
367754810,367754810,,33.76999,-118.21352166666667,2025-07-13T11:33:57.694223+00:00,210.3,22148,33.76999,-118.21352166666667,1,0,True,False,0,0,0.0,0,0,57,111,367754810,True,los_angeles
368351350,368351350,MARMAC 304          ,33.74585833333334,-118.22424833333334,2025-07-13T11:34:01.398383+00:00,289.2,531,33.74585833333334,-118.22424833333334,3,15,False,False,0,0,0.0,0,0,0,9,368351350,True,los_angeles
367104040,367104040,KNOX T              ,33.73500166666667,-118.270815,2025-07-13T11:34:01.776796+00:00,34.1,7712,33.73500166666667,-118.270815,3,15,True,False,0,0,1.0,0,0,59,192,367104040,True,los_angeles
367471080,367471080,ISABEL L            ,33.72535666666667,-118.27096833333333,2025-07-13T11:34:02.484073+00:00,168.0,82086,33.72535666666667,-118.27096833333333,1,0,True,False,0,0,6.0,0,0,2,171,367471080,True,los_angeles
367550000,367550000,SHANNON             ,33.745485,-118.22484333333334,2025-07-13T11:34:02.883757+00:00,75.1,85114,33.745485,-118.22484333333334,3,5,True,False,0,0,0.0,0,0,3,190,367550000,True,los_angeles
367693690,367693690,KELLY C             ,33.75329833333333,-118.22383166666667,2025-07-13T11:34:03.135760+00:00,218.7,85546,33.75329833333333,-118.22383166666667,3,5,False,False,0,0,0.0,0,0,3,253,367693690,True,los_angeles
367044560,367044560,PILOT BOAT BANNING  ,33.7628,-118.26564499999999,2025-07-13T11:34:03.278690+00:00,214.9,21891,33.7628,-118.26564499999999,3,15,True,True,-128,0,0.0,0,0,3,511,367044560,True,los_angeles
636021831,636021831,CUL MANILA          ,33.76162333333333,-118.276005,2025-07-13T11:34:03.869033+00:00,283.6,84938,33.76162333333333,-118.276005,3,5,True,False,0,0,0.0,0,0,2,332,636021831,True,los_angeles
368010330,368010330,LILLIAN FOSS        ,33.77068666666666,-118.21253,2025-07-13T11:34:04.737403+00:00,321.7,25619,33.77068666666666,-118.21253,3,0,False,False,0,0,0.0,0,0,3,62,368010330,True,los_angeles
538009205,538009205,PACIFIC TOPAZ       ,33.73567833333333,-118.16919666666666,2025-07-13T11:34:05.572651+00:00,172.5,84938,33.73567833333333,-118.16919666666666,3,1,True,False,0,0,0.0,0,0,3,214,538009205,True,los_angeles
367330510,367330510,PATRICIA ANN,33.75572833333333,-118.2747,2025-07-13T11:34:07.073824+00:00,141.1,4016,33.75572833333333,-118.2747,3,0,True,True,-127,0,3.3,0,0,6,153,367330510,True,los_angeles
367395280,367395280,CLEAN OCEAN         ,33.73193333333333,-118.26423333333334,2025-07-13T11:34:08.124588+00:00,216.3,82105,33.73193333333333,-118.26423333333334,1,0,False,False,0,0,0.2,0,0,7,220,367395280,True,los_angeles
367421990,367421990,H R MORRIS          ,33.75300333333333,-118.22068166666666,2025-07-13T11:34:08.326329+00:00,237.1,33070,33.75300333333333,-118.22068166666666,1,3,True,False,-128,0,0.0,0,0,8,511,367421990,True,los_angeles
367625810,367625810,DELTA AUDREY        ,33.75055166666667,-118.21956666666667,2025-07-13T11:34:09.374662+00:00,244.7,22152,33.75055166666667,-118.21956666666667,1,0,True,False,127,0,3.2,0,0,9,65,367625810,True,los_angeles
219413000,219413000,TORM AGNETE         ,33.748599999999996,-118.21106333333334,2025-07-13T11:34:09.375901+00:00,209.5,84938,33.748599999999996,-118.21106333333334,3,5,True,False,0,0,0.0,0,0,8,57,219413000,True,los_angeles
367034960,367034960,PONO                ,33.767453333333336,-118.216965,2025-07-13T11:34:09.422151+00:00,223.0,98645,33.767453333333336,-118.216965,1,0,False,False,-128,0,0.0,0,0,9,511,367034960,True,los_angeles
368136950,368136950,HERCULES            ,33.733333333333334,-118.24723333333333,2025-07-13T11:34:10.359891+00:00,91.5,65915,33.733333333333334,-118.24723333333333,1,0,False,False,127,0,0.6,0,0,7,122,368136950,True,los_angeles
477116400,477116400,OOCL SUNFLOWER      ,33.752555,-118.21666833333333,2025-07-13T11:34:10.561640+00:00,208.4,49335,33.752555,-118.21666833333333,1,0,False,False,0,0,3.2,0,0,8,40,477116400,True,los_angeles
368237190,368237190,GO BEYOND           ,33.74646166666667,-118.22466666666666,2025-07-13T11:34:10.778970+00:00,265.1,85674,33.74646166666667,-118.22466666666666,3,5,True,False,0,0,0.0,0,0,11,10,368237190,True,los_angeles
538008861,538008861,SEAWAYS GUAYAQUIL   ,33.7726,-118.22101666666667,2025-07-13T11:34:10.842380+00:00,324.0,84938,33.7726,-118.22101666666667,3,5,False,False,0,0,0.0,0,0,10,237,538008861,True,los_angeles
367124980,367124980,BEN CHERAMIE        ,33.73451333333333,-118.270745,2025-07-13T11:34:11.214362+00:00,222.8,33182,33.73451333333333,-118.270745,1,0,True,True,-128,0,0.0,0,0,11,511,367124980,True,los_angeles
368375410,368375410,METS-3              ,33.763403333333336,-118.26044,2025-07-13T11:34:11.844087+00:00,360.0,22152,33.763403333333336,-118.26044,1,0,True,True,0,0,0.0,0,0,11,177,368375410,True,los_angeles
368136950,368136950,HERCULES            ,33.733333333333334,-118.24723333333333,2025-07-13T11:34:13.149157+00:00,81.9,9040,33.733333333333334,-118.24723333333333,3,0,False,False,127,0,0.6,0,0,10,123,368136950,True,los_angeles
367044560,367044560,PILOT BOAT BANNING  ,33.762798333333336,-118.26564666666667,2025-07-13T11:34:13.272949+00:00,214.3,49313,33.762798333333336,-118.26564666666667,1,15,True,True,-128,0,0.0,0,0,13,511,367044560,True,los_angeles
367035570,367035570,AMERICAN ISLANDER   ,33.73341,-118.26349499999999,2025-07-13T11:34:13.827852+00:00,225.8,33280,33.73341,-118.26349499999999,1,3,False,True,0,0,0.0,0,0,14,178,367035570,True,los_angeles
367199310,367199310,CATALINA JET        ,33.763041666666666,-118.19945833333333,2025-07-13T11:34:15.166498+00:00,243.7,49293,33.763041666666666,-118.19945833333333,1,15,False,False,-128,0,0.1,0,0,16,511,367199310,True,los_angeles
538006995,538006995,CF DIAMOND          ,33.74960333333333,-118.20883333333333,2025-07-13T11:34:17.811327+00:00,192.1,84938,33.74960333333333,-118.20883333333333,3,5,True,False,0,0,0.0,0,0,13,58,538006995,True,los_angeles
367004260,367004260,CABRILLO            ,33.744038333333336,-118.20455333333332,2025-07-13T11:34:18.675036+00:00,127.8,85082,33.744038333333336,-118.20455333333332,3,5,True,False,0,0,0.0,0,0,19,1,367004260,True,los_angeles
367330510,367330510,PATRICIA ANN,33.75556666666667,-118.274545,2025-07-13T11:34:19.637322+00:00,144.7,2276,33.75556666666667,-118.274545,1,0,True,True,127,0,3.4,0,0,19,148,367330510,True,los_angeles
338140889,338140889,SEA GUARDIAN        ,33.769998333333334,-118.21234166666666,2025-07-13T11:34:20.734574+00:00,227.4,19763,33.769998333333334,-118.21234166666666,3,15,True,True,-128,0,0.0,0,0,20,511,338140889,True,los_angeles
353592000,353592000,ONE HANOI           ,33.75396666666667,-118.26376666666667,2025-07-13T11:34:22.235374+00:00,19.0,0,33.75396666666667,-118.26376666666667,3,5,False,False,0,0,0.0,0,0,21,42,353592000,True,los_angeles
368226970,368226970,LA FIREBOAT 2       ,33.74041166666667,-118.27827333333333,2025-07-13T11:34:22.590948+00:00,243.4,2205,33.74041166666667,-118.27827333333333,1,0,False,True,-128,0,0.1,0,0,23,511,368226970,True,los_angeles
367175860,367175860,INDEPENDENCE,33.7397,-118.21162166666666,2025-07-13T11:34:22.879193+00:00,318.4,7539,33.7397,-118.21162166666666,3,0,True,True,127,0,5.0,0,0,22,325,367175860,True,los_angeles
416464000,416464000,YM UNICORN          ,33.754333333333335,-118.27366666666667,2025-07-13T11:34:24.175816+00:00,148.4,49304,33.754333333333335,-118.27366666666667,1,0,False,False,9,0,3.3,0,0,23,152,416464000,True,los_angeles
366926740,366926740,TIM QUIGG,33.763616666666664,-118.25703333333333,2025-07-13T11:34:26.002313+00:00,220.3,99270,33.763616666666664,-118.25703333333333,1,0,False,False,0,0,0.0,0,0,26,205,366926740,True,los_angeles
368159190,368159190,LB PILOT POLARIS 3  ,33.74731,-118.21566,2025-07-13T11:34:26.480263+00:00,239.4,22152,33.74731,-118.21566,1,0,False,False,-128,0,0.0,0,0,25,511,368159190,True,los_angeles
366892000,366892000,JAMIE ANN           ,33.753058333333335,-118.21713833333334,2025-07-13T11:34:27.070791+00:00,202.6,3168,33.753058333333335,-118.21713833333334,3,0,True,False,127,0,3.0,0,0,25,214,366892000,True,los_angeles
351124000,351124000,AMERICAN HIGHWAY    ,33.740316666666665,-118.21191,2025-07-13T11:34:27.077400+00:00,319.4,49364,33.740316666666665,-118.21191,1,0,True,False,0,0,5.0,0,0,25,321,351124000,True,los_angeles
368171390,368171390,BROOKS M HAMILTON   ,33.73121666666667,-118.26095000000001,2025-07-13T11:34:28.202006+00:00,263.1,2275,33.73121666666667,-118.26095000000001,1,0,True,False,0,0,0.0,0,0,26,338,368171390,True,los_angeles
366998840,366998840,MILLENIUM MAVERICK  ,33.75168333333333,-118.2723,2025-07-13T11:34:29.947705+00:00,156.7,2308,33.75168333333333,-118.2723,1,0,False,False,-127,0,3.7,0,0,30,337,366998840,True,los_angeles
338602000,338602000,BALTIMORE           ,33.734943333333334,-118.23198666666667,2025-07-13T11:34:30.136029+00:00,234.0,2247,33.734943333333334,-118.23198666666667,1,15,False,False,0,0,0.2,0,0,35,149,338602000,True,los_angeles
338140889,338140889,SEA GUARDIAN        ,33.769998333333334,-118.21234333333334,2025-07-13T11:34:30.215404+00:00,226.8,2278,33.769998333333334,-118.21234333333334,1,15,True,True,-128,0,0.0,0,0,30,511,338140889,True,los_angeles
367401030,367401030,DELTA BILLIE        ,33.753568333333334,-118.215645,2025-07-13T11:34:31.456411+00:00,190.2,133278,33.753568333333334,-118.215645,1,0,False,False,127,0,3.2,0,0,15,189,367401030,True,los_angeles
367175860,367175860,INDEPENDENCE,33.73988,-118.21180666666667,2025-07-13T11:34:33.195286+00:00,319.4,49259,33.73988,-118.21180666666667,1,0,True,True,0,0,5.2,0,0,32,325,367175860,True,los_angeles
338366226,338366226,V.A.POINT VICENTE   ,33.71390833333333,-118.25553833333333,2025-07-13T11:34:33.205636+00:00,264.2,180390,33.71390833333333,-118.25553833333333,1,0,False,False,127,0,24.7,0,0,33,270,338366226,True,los_angeles
241528000,241528000,NICOPOLIS           ,33.724963333333335,-118.21722,2025-07-13T11:34:33.574141+00:00,195.4,84938,33.724963333333335,-118.21722,3,1,True,False,0,0,0.1,0,0,34,265,241528000,True,los_angeles
367471080,367471080,ISABEL L            ,33.72444333333333,-118.27073333333333,2025-07-13T11:34:35.989864+00:00,165.5,1376,33.72444333333333,-118.27073333333333,3,0,True,False,-127,0,6.0,0,0,36,164,367471080,True,los_angeles
366734000,366734000,CAPE ISABEL         ,33.74406833333333,-118.22671333333332,2025-07-13T11:34:37.056900+00:00,0.0,0,33.74406833333333,-118.22671333333332,3,5,False,False,0,0,0.0,0,0,37,11,366734000,True,los_angeles
366760650,366760650,LEADER              ,33.73394833333334,-118.24492333333333,2025-07-13T11:34:39.145694+00:00,169.1,49346,33.73394833333334,-118.24492333333333,1,0,True,False,-127,0,1.9,0,0,38,322,366760650,True,los_angeles
636015183,636015183,YM MASCULINITY      ,33.75133833333334,-118.27365499999999,2025-07-13T11:34:40.372216+00:00,56.3,84522,33.75133833333334,-118.27365499999999,3,5,True,True,0,0,0.0,0,0,39,331,636015183,True,los_angeles
368351350,368351350,MARMAC 304          ,33.745855,-118.22425,2025-07-13T11:34:42.160186+00:00,289.2,22152,33.745855,-118.22425,1,15,False,False,0,0,0.0,0,0,41,9,368351350,True,los_angeles
367533290,367533290,MARIE CHERAMIE,33.734485,-118.27092333333333,2025-07-13T11:34:42.178074+00:00,12.7,2301,33.734485,-118.27092333333333,1,0,False,False,0,0,0.0,0,0,40,4,367533290,True,los_angeles
368226970,368226970,LA FIREBOAT 2       ,33.740271666666665,-118.278245,2025-07-13T11:34:42.528953+00:00,242.6,11345,33.740271666666665,-118.278245,3,0,False,True,-128,0,0.0,0,0,43,511,368226970,True,los_angeles
368010330,368010330,LILLIAN FOSS        ,33.7707,-118.21251166666666,2025-07-13T11:34:43.782982+00:00,321.7,2301,33.7707,-118.21251166666666,1,0,False,False,0,0,0.0,0,0,41,63,368010330,True,los_angeles
367492920,367492920,WYATT M             ,33.73553166666667,-118.27123,2025-07-13T11:34:43.917577+00:00,46.0,34401,33.73553166666667,-118.27123,1,15,True,False,0,0,0.1,0,0,42,10,367492920,True,los_angeles
368084540,368084540,DELTA TERESA        ,33.734143333333336,-118.24352333333333,2025-07-13T11:34:45.136316+00:00,347.0,22152,33.734143333333336,-118.24352333333333,1,0,True,False,0,0,0.1,0,0,43,71,368084540,True,los_angeles
366886630,366886630,EXY JOHNSON,33.737365,-118.278065,2025-07-13T11:34:45.884555+00:00,360.0,85050,33.737365,-118.278065,3,5,False,False,-128,0,0.0,0,0,45,511,366886630,True,los_angeles
368171260,368171260,MADELINE B HAMILTON ,33.73123666666667,-118.26087000000001,2025-07-13T11:34:47.382166+00:00,51.0,2252,33.73123666666667,-118.26087000000001,1,12,True,False,0,0,0.0,0,0,46,341,368171260,True,los_angeles
367104040,367104040,KNOX T              ,33.735015,-118.27077833333333,2025-07-13T11:34:47.969846+00:00,273.0,67327,33.735015,-118.27077833333333,1,15,True,False,0,0,0.1,0,0,46,187,367104040,True,los_angeles
366755010,366755010,MASTER,33.74026,-118.27810500000001,2025-07-13T11:34:48.536957+00:00,196.3,100116,33.74026,-118.27810500000001,1,15,True,False,0,0,0.0,0,0,48,9,366755010,True,los_angeles
368024740,368024740,LB PILOT BOAT  ORION,33.747225,-118.21567,2025-07-13T11:34:48.716459+00:00,121.4,3264,33.747225,-118.21567,3,0,False,False,-127,0,0.0,0,0,47,100,368024740,True,los_angeles
368000890,368000890,ELIZABETH C         ,33.753213333333335,-118.22387166666667,2025-07-13T11:34:48.863887+00:00,60.4,85866,33.753213333333335,-118.22387166666667,3,5,False,False,0,0,0.0,0,0,47,249,368000890,True,los_angeles
338366226,338366226,V.A.POINT VICENTE   ,33.713775,-118.25772666666667,2025-07-13T11:34:49.144556+00:00,266.9,133681,33.713775,-118.25772666666667,3,0,False,False,0,0,24.8,0,0,49,270,338366226,True,los_angeles
367133910,367133910,FIREBOAT 4          ,33.76553833333333,-118.25557333333333,2025-07-13T11:34:49.447658+00:00,238.3,100151,33.76553833333333,-118.25557333333333,1,0,False,True,-128,0,0.1,0,0,50,511,367133910,True,los_angeles
368165820,368165820,V.A.POINT FERMIN    ,33.72338833333333,-118.28053,2025-07-13T11:34:49.629973+00:00,219.1,34620,33.72338833333333,-118.28053,1,0,True,True,-128,0,0.1,0,0,50,511,368165820,True,los_angeles
366978690,366978690,EAGLE               ,33.730985,-118.26134499999999,2025-07-13T11:34:49.715329+00:00,140.0,86266,33.730985,-118.26134499999999,3,5,True,False,0,0,0.0,0,0,48,253,366978690,True,los_angeles
477116400,477116400,OOCL SUNFLOWER      ,33.75203,-118.21708,2025-07-13T11:34:51.628269+00:00,213.3,86253,33.75203,-118.21708,3,0,False,False,127,0,3.2,0,0,50,47,477116400,True,los_angeles
367661930,367661930,MICHELLE SLOAN      ,33.73909833333333,-118.21084666666667,2025-07-13T11:34:52.363519+00:00,311.6,67493,33.73909833333333,-118.21084666666667,1,0,True,False,127,0,5.2,0,0,52,319,367661930,True,los_angeles
367565520,367565520,LANA                ,33.77118,-118.21288166666666,2025-07-13T11:34:52.467499+00:00,68.1,82064,33.77118,-118.21288166666666,1,0,False,False,-128,0,0.0,0,0,53,511,367565520,True,los_angeles
368133450,368133450,DARELL HIATT        ,33.72737,-118.19540833333333,2025-07-13T11:34:53.272876+00:00,161.9,34675,33.72737,-118.19540833333333,1,12,True,False,0,0,0.1,0,0,50,248,368133450,True,los_angeles
636022702,636022702,MEDI GIANNUTRI      ,33.74919166666667,-118.20669333333333,2025-07-13T11:34:54.763118+00:00,88.5,84858,33.74919166666667,-118.20669333333333,3,5,False,False,0,0,0.0,0,0,53,179,636022702,True,los_angeles
366998840,366998840,MILLENIUM MAVERICK  ,33.75128333333333,-118.27203333333334,2025-07-13T11:34:57.330782+00:00,154.9,4272,33.75128333333333,-118.27203333333334,3,0,False,False,127,0,3.5,0,0,57,348,366998840,True,los_angeles
367616090,367616090,SEA FORCE           ,33.770025,-118.212515,2025-07-13T11:34:59.359829+00:00,7.9,84218,33.770025,-118.212515,3,5,True,False,0,0,0.0,0,0,59,288,367616090,True,los_angeles
366857070,366857070,JET CAT EXPRESS     ,33.763025,-118.19926666666667,2025-07-13T11:34:59.887331+00:00,229.2,83914,33.763025,-118.19926666666667,3,5,False,True,-128,0,0.0,0,0,0,511,366857070,True,los_angeles
368024740,368024740,LB PILOT BOAT  ORION,33.74722333333333,-118.21566666666666,2025-07-13T11:35:00.592662+00:00,121.4,114854,33.74722333333333,-118.21566666666666,1,0,False,False,127,0,0.0,0,0,59,102,368024740,True,los_angeles
367471080,367471080,ISABEL L            ,33.72370166666666,-118.27047833333333,2025-07-13T11:35:03.048649+00:00,163.4,65601,33.72370166666666,-118.27047833333333,1,0,True,False,0,0,7.0,0,0,2,165,367471080,True,los_angeles
311001625,311001625,SAGA ODYSSEY        ,33.734721666666665,-118.15069166666667,2025-07-13T11:35:03.548533+00:00,232.2,0,33.734721666666665,-118.15069166666667,3,1,False,False,0,0,0.0,0,0,1,277,311001625,True,los_angeles
338926431,338926431,CGC TERRELL HORNE,33.72499166666667,-118.26926499999999,2025-07-13T11:35:04.429373+00:00,65.0,86250,33.72499166666667,-118.26926499999999,3,5,True,False,0,0,0.0,0,0,2,160,338926431,True,los_angeles
366999711,366999711,CG TERN,33.72611166666667,-118.26974666666666,2025-07-13T11:35:05.399568+00:00,166.5,84778,33.72611166666667,-118.26974666666666,3,5,True,False,-128,0,0.0,0,0,4,511,366999711,True,los_angeles
351124000,351124000,AMERICAN HIGHWAY    ,33.74107333333333,-118.21262499999999,2025-07-13T11:35:06.556214+00:00,321.8,77261,33.74107333333333,-118.21262499999999,3,0,True,False,0,0,5.2,0,0,5,323,351124000,True,los_angeles
636025233,636025233,VOLARE              ,33.73022,-118.22811166666666,2025-07-13T11:35:07.126161+00:00,259.9,84938,33.73022,-118.22811166666666,3,1,True,False,0,0,0.0,0,0,5,181,636025233,True,los_angeles
367754810,367754810,,33.769995,-118.21352333333333,2025-07-13T11:35:08.041808+00:00,316.4,82066,33.769995,-118.21352333333333,1,0,True,False,0,0,0.0,0,0,7,111,367754810,True,los_angeles
367395280,367395280,CLEAN OCEAN         ,33.73193333333333,-118.26424999999999,2025-07-13T11:35:08.199407+00:00,219.5,65834,33.73193333333333,-118.26424999999999,1,0,False,False,0,0,0.2,0,0,8,220,367395280,True,los_angeles
367421990,367421990,H R MORRIS          ,33.75299666666667,-118.220685,2025-07-13T11:35:08.243482+00:00,228.4,22156,33.75299666666667,-118.220685,1,3,True,False,-128,0,0.0,0,0,8,511,367421990,True,los_angeles
367625810,367625810,DELTA AUDREY        ,33.750258333333335,-118.22055333333333,2025-07-13T11:35:09.233511+00:00,252.7,26131,33.750258333333335,-118.22055333333333,3,0,True,False,0,0,3.1,0,0,9,78,367625810,True,los_angeles
367034960,367034960,PONO                ,33.767448333333334,-118.21695333333334,2025-07-13T11:35:09.290404+00:00,199.5,82100,33.767448333333334,-118.21695333333334,1,0,False,False,-128,0,0.0,0,0,9,511,367034960,True,los_angeles
367330510,367330510,PATRICIA ANN,33.754918333333336,-118.27395,2025-07-13T11:35:09.893783+00:00,142.0,4449,33.754918333333336,-118.27395,3,0,True,True,127,0,3.7,0,0,9,164,367330510,True,los_angeles
368136950,368136950,HERCULES            ,33.73336666666667,-118.24725,2025-07-13T11:35:10.482322+00:00,306.0,49349,33.73336666666667,-118.24725,1,0,False,False,-127,0,0.2,0,0,7,112,368136950,True,los_angeles
477116400,477116400,OOCL SUNFLOWER      ,33.75180833333334,-118.21727333333334,2025-07-13T11:35:10.621260+00:00,216.0,33153,33.75180833333334,-118.21727333333334,1,0,False,False,127,0,3.2,0,0,8,50,477116400,True,los_angeles
367124980,367124980,BEN CHERAMIE        ,33.734516666666664,-118.27072666666666,2025-07-13T11:35:11.268840+00:00,219.4,22156,33.734516666666664,-118.27072666666666,1,0,True,True,-128,0,0.0,0,0,11,511,367124980,True,los_angeles
368375410,368375410,METS-3              ,33.76343333333333,-118.26041333333333,2025-07-13T11:35:11.848129+00:00,360.0,2214,33.76343333333333,-118.26041333333333,1,0,True,True,0,0,0.0,0,0,11,176,368375410,True,los_angeles
367044560,367044560,PILOT BOAT BANNING  ,33.762795000000004,-118.26564666666667,2025-07-13T11:35:13.397724+00:00,215.4,33257,33.762795000000004,-118.26564666666667,1,15,True,True,-128,0,0.0,0,0,13,511,367044560,True,los_angeles
367035570,367035570,AMERICAN ISLANDER   ,33.73343666666667,-118.26349666666667,2025-07-13T11:35:13.895887+00:00,226.8,22156,33.73343666666667,-118.26349666666667,1,3,False,True,0,0,0.0,0,0,14,178,367035570,True,los_angeles
367199310,367199310,CATALINA JET        ,33.763038333333334,-118.19945666666668,2025-07-13T11:35:15.112793+00:00,242.8,33326,33.763038333333334,-118.19945666666668,1,15,False,False,-128,0,0.0,0,0,16,511,367199310,True,los_angeles
368136950,368136950,HERCULES            ,33.73338333333333,-118.24726666666668,2025-07-13T11:35:16.139374+00:00,299.3,4336,33.73338333333333,-118.24726666666668,3,0,False,False,-127,0,0.2,0,0,13,109,368136950,True,los_angeles
229622000,229622000,MSC TRIESTE         ,33.754535,-118.231665,2025-07-13T11:35:16.189784+00:00,144.6,84570,33.754535,-118.231665,3,5,False,False,0,0,0.0,0,0,16,250,229622000,True,los_angeles
367625810,367625810,DELTA AUDREY        ,33.750193333333335,-118.22074166666667,2025-07-13T11:35:19.764931+00:00,255.0,2239,33.750193333333335,-118.22074166666667,1,0,True,False,0,0,3.1,0,0,20,78,367625810,True,los_angeles
477845600,477845600,COSCO ITALY         ,33.753703333333334,-118.21417666666666,2025-07-13T11:35:21.068087+00:00,80.4,84874,33.753703333333334,-118.21417666666666,3,5,False,False,0,0,0.0,0,0,21,0,477845600,True,los_angeles
366892000,366892000,JAMIE ANN           ,33.75237,-118.21754333333334,2025-07-13T11:35:21.908777+00:00,207.2,82032,33.75237,-118.21754333333334,1,0,True,False,0,0,3.1,0,0,20,215,366892000,True,los_angeles
636022451,636022451,MSC MARTINA MARIA   ,33.75167666666667,-118.24132666666667,2025-07-13T11:35:22.546000+00:00,282.9,84938,33.75167666666667,-118.24132666666667,3,5,False,False,0,0,0.0,0,0,21,250,636022451,True,los_angeles
354632000,354632000,GLORY CUIABA        ,33.735566666666664,-118.15943333333333,2025-07-13T11:35:22.608698+00:00,178.0,0,33.735566666666664,-118.15943333333333,3,1,False,False,0,0,0.0,0,0,22,242,354632000,True,los_angeles
366921510,366921510,SUN SPIRIT          ,33.755993333333336,-118.27400333333334,2025-07-13T11:35:23.408634+00:00,316.1,84874,33.755993333333336,-118.27400333333334,3,5,True,False,-24,0,0.0,0,0,21,152,366921510,True,los_angeles
416464000,416464000,YM UNICORN          ,33.7535,-118.27316666666667,2025-07-13T11:35:24.194141+00:00,151.5,3409,33.7535,-118.27316666666667,3,0,False,False,12,0,3.5,0,0,23,156,416464000,True,los_angeles
419001313,419001313,JAG LOKESH          ,33.728186666666666,-118.15445,2025-07-13T11:35:25.039611+00:00,285.3,84970,33.728186666666666,-118.15445,3,1,False,False,0,0,0.0,0,0,24,274,419001313,True,los_angeles
366926740,366926740,TIM QUIGG,33.76365,-118.25703333333333,2025-07-13T11:35:25.938443+00:00,205.9,82147,33.76365,-118.25703333333333,1,0,False,False,0,0,0.0,0,0,26,205,366926740,True,los_angeles
368171260,368171260,MADELINE B HAMILTON ,33.73123833333333,-118.26084333333333,2025-07-13T11:35:26.118187+00:00,51.0,28995,33.73123833333333,-118.26084333333333,3,12,True,False,0,0,0.0,0,0,24,342,368171260,True,los_angeles
368159190,368159190,LB PILOT POLARIS 3  ,33.74731166666667,-118.21565333333334,2025-07-13T11:35:26.481238+00:00,349.1,2193,33.74731166666667,-118.21565333333334,1,0,False,False,-128,0,0.0,0,0,25,511,368159190,True,los_angeles
338241000,338241000,MAERSK KINLOSS,33.731811666666665,-118.24881,2025-07-13T11:35:26.914878+00:00,70.6,85098,33.731811666666665,-118.24881,3,5,False,False,0,0,0.0,0,0,25,71,338241000,True,los_angeles
351124000,351124000,AMERICAN HIGHWAY    ,33.741476666666664,-118.21302,2025-07-13T11:35:27.035281+00:00,322.1,33774,33.741476666666664,-118.21302,1,0,True,False,0,0,5.2,0,0,26,324,351124000,True,los_angeles
563201600,563201600,WAN HAI A05         ,33.75855666666667,-118.2593,2025-07-13T11:35:28.429004+00:00,48.6,84938,33.75855666666667,-118.2593,3,5,False,False,0,0,0.0,0,0,27,38,563201600,True,los_angeles
368171390,368171390,BROOKS M HAMILTON   ,33.73122166666666,-118.26096666666668,2025-07-13T11:35:28.869212+00:00,263.1,99380,33.73122166666666,-118.26096666666668,1,0,True,False,0,0,0.0,0,0,27,338,368171390,True,los_angeles
338602000,338602000,BALTIMORE           ,33.73493666666666,-118.232,2025-07-13T11:35:30.436110+00:00,222.0,82055,33.73493666666666,-118.232,1,15,False,False,0,0,0.1,0,0,35,148,338602000,True,los_angeles
338140889,338140889,SEA GUARDIAN        ,33.77001333333333,-118.21233833333334,2025-07-13T11:35:31.050958+00:00,233.2,114825,33.77001333333333,-118.21233833333334,1,15,True,True,-128,0,0.0,0,0,31,511,338140889,True,los_angeles
367330510,367330510,PATRICIA ANN,33.75463333333333,-118.27367666666667,2025-07-13T11:35:31.126266+00:00,130.7,22156,33.75463333333333,-118.27367666666667,1,0,True,True,127,0,4.5,0,0,30,175,367330510,True,los_angeles
366998840,366998840,MILLENIUM MAVERICK  ,33.750733333333336,-118.27193333333334,2025-07-13T11:35:31.613210+00:00,169.8,66710,33.750733333333336,-118.27193333333334,1,0,False,False,-127,0,3.7,0,0,32,349,366998840,True,los_angeles
367401030,367401030,DELTA BILLIE        ,33.75269333333333,-118.21605833333334,2025-07-13T11:35:31.707358+00:00,206.7,213166,33.75269333333333,-118.21605833333334,1,0,False,False,-127,0,3.8,0,0,14,187,367401030,True,los_angeles
368226970,368226970,LA FIREBOAT 2       ,33.74042,-118.27836166666665,2025-07-13T11:35:32.123709+00:00,253.3,2236,33.74042,-118.27836166666665,1,0,True,True,-128,0,0.1,0,0,32,511,368226970,True,los_angeles
367175860,367175860,INDEPENDENCE,33.741,-118.21290666666667,2025-07-13T11:35:33.178373+00:00,323.7,34003,33.741,-118.21290666666667,1,0,True,True,0,0,5.2,0,0,32,328,367175860,True,los_angeles
367401030,367401030,DELTA BILLIE        ,33.75264166666667,-118.21608833333333,2025-07-13T11:35:34.718408+00:00,203.2,138976,33.75264166666667,-118.21608833333333,3,0,False,False,-127,0,3.9,0,0,18,184,367401030,True,los_angeles
338366226,338366226,V.A.POINT VICENTE   ,33.71357166666667,-118.26405166666667,2025-07-13T11:35:35.251353+00:00,268.0,133329,33.71357166666667,-118.26405166666667,1,0,False,False,0,0,24.9,0,0,35,271,338366226,True,los_angeles
366768030,366768030,STARSHIP EXPRESS    ,33.762411666666665,-118.19914,2025-07-13T11:35:35.483161+00:00,207.2,0,33.762411666666665,-118.19914,3,5,True,False,-128,0,0.1,0,0,33,511,366768030,True,los_angeles
367698890,367698890,LBFD FB20           ,33.77046166666666,-118.20973333333333,2025-07-13T11:35:36.769624+00:00,135.1,86042,33.77046166666666,-118.20973333333333,3,5,False,False,-128,0,0.0,0,0,35,511,367698890,True,los_angeles
636024330,636024330,HMM TOPAZ           ,33.72970333333333,-118.256625,2025-07-13T11:35:38.769824+00:00,170.7,84938,33.72970333333333,-118.256625,3,5,False,False,0,0,0.0,0,0,37,250,636024330,True,los_angeles
366760650,366760650,LEADER              ,33.733628333333336,-118.24436,2025-07-13T11:35:39.217620+00:00,114.6,34229,33.733628333333336,-118.24436,1,0,True,False,127,0,1.3,0,0,38,326,366760650,True,los_angeles
413171000,413171000,XIN FEI ZHOU        ,33.740950000000005,-118.19758666666667,2025-07-13T11:35:40.170715+00:00,282.7,85738,33.740950000000005,-118.19758666666667,3,5,False,False,0,0,0.0,0,0,40,270,413171000,True,los_angeles
636020555,636020555,BALTIC LOYALTY      ,33.728899999999996,-118.16353333333333,2025-07-13T11:35:40.412496+00:00,205.0,0,33.728899999999996,-118.16353333333333,3,1,False,False,0,0,0.0,0,0,38,244,636020555,True,los_angeles
367533290,367533290,MARIE CHERAMIE,33.734485,-118.27092333333333,2025-07-13T11:35:42.275598+00:00,12.7,67097,33.734485,-118.27092333333333,1,0,False,False,-8,0,0.0,0,0,42,4,367533290,True,los_angeles
368351350,368351350,MARMAC 304          ,33.745855,-118.22425166666667,2025-07-13T11:35:42.376784+00:00,289.2,2247,33.745855,-118.22425166666667,1,15,False,False,0,0,0.0,0,0,41,9,368351350,True,los_angeles
636023051,636023051,KUFRA               ,33.775085000000004,-118.21412333333333,2025-07-13T11:35:42.546422+00:00,245.6,83898,33.775085000000004,-118.21412333333333,3,5,False,False,0,0,0.0,0,0,40,245,636023051,True,los_angeles
367492920,367492920,WYATT M             ,33.735530000000004,-118.27122666666668,2025-07-13T11:35:43.729837+00:00,145.3,22156,33.735530000000004,-118.27122666666668,1,15,True,False,0,0,0.1,0,0,42,11,367492920,True,los_angeles
368010330,368010330,LILLIAN FOSS        ,33.770696666666666,-118.21254166666667,2025-07-13T11:35:44.957837+00:00,321.7,114850,33.770696666666666,-118.21254166666667,1,0,False,False,0,0,0.0,0,0,43,63,368010330,True,los_angeles
338921000,338921000,CG GEORGE COBB,33.728365000000004,-118.27042666666667,2025-07-13T11:35:46.612672+00:00,129.3,83914,33.728365000000004,-118.27042666666667,3,5,False,False,0,0,0.1,0,0,45,161,338921000,True,los_angeles
368171260,368171260,MADELINE B HAMILTON ,33.73124833333333,-118.26085833333333,2025-07-13T11:35:47.324465+00:00,51.0,49274,33.73124833333333,-118.26085833333333,1,12,True,False,0,0,0.0,0,0,46,342,368171260,True,los_angeles
367104040,367104040,KNOX T              ,33.73502333333333,-118.27078,2025-07-13T11:35:48.012820+00:00,157.7,49317,33.73502333333333,-118.27078,1,15,True,False,0,0,0.0,0,0,46,187,367104040,True,los_angeles
366755010,366755010,MASTER,33.74028333333333,-118.278125,2025-07-13T11:35:48.502805+00:00,196.3,82124,33.74028333333333,-118.278125,1,15,True,False,0,0,0.0,0,0,48,9,366755010,True,los_angeles
368024740,368024740,LB PILOT BOAT  ORION,33.747235,-118.21567,2025-07-13T11:35:49.406168+00:00,121.4,2848,33.747235,-118.21567,3,0,False,False,-127,0,0.0,0,0,47,100,368024740,True,los_angeles
367133910,367133910,FIREBOAT 4          ,33.76548666666667,-118.255615,2025-07-13T11:35:49.444341+00:00,236.5,82073,33.76548666666667,-118.255615,1,0,False,True,-128,0,0.0,0,0,50,511,367133910,True,los_angeles
368084540,368084540,DELTA TERESA        ,33.734145,-118.24354833333334,2025-07-13T11:35:49.937354+00:00,73.2,1312,33.734145,-118.24354833333334,3,0,True,False,127,0,1.3,0,0,48,72,368084540,True,los_angeles
368165820,368165820,V.A.POINT FERMIN    ,33.72340833333333,-118.28053333333334,2025-07-13T11:35:49.942021+00:00,223.5,22156,33.72340833333333,-118.28053333333334,1,0,True,True,-128,0,0.1,0,0,50,511,368165820,True,los_angeles
367661930,367661930,MICHELLE SLOAN      ,33.740255,-118.21202666666666,2025-07-13T11:35:52.424875+00:00,324.7,49332,33.740255,-118.21202666666666,1,0,True,False,0,0,5.4,0,0,52,326,367661930,True,los_angeles
367565520,367565520,LANA                ,33.771168333333335,-118.21285166666667,2025-07-13T11:35:52.528008+00:00,68.1,23027,33.771168333333335,-118.21285166666667,3,0,False,False,-128,0,0.0,0,0,53,511,367565520,True,los_angeles
357175000,357175000,NYK REMUS           ,33.76073,-118.27319000000001,2025-07-13T11:35:54.870007+00:00,108.4,0,33.76073,-118.27319000000001,3,5,False,False,0,0,0.0,0,0,54,200,357175000,True,los_angeles
338525791,338525791,AERAS-1             ,33.77108666666667,-118.21377833333332,2025-07-13T11:35:54.873696+00:00,73.9,84890,33.77108666666667,-118.21377833333332,3,5,False,False,-128,0,0.0,0,0,53,511,338525791,True,los_angeles
368084540,368084540,DELTA TERESA        ,33.73415833333333,-118.243505,2025-07-13T11:35:55.634582+00:00,74.0,34770,33.73415833333333,-118.243505,1,0,True,False,127,0,2.0,0,0,52,74,368084540,True,los_angeles
368024740,368024740,LB PILOT BOAT  ORION,33.747238333333335,-118.21567,2025-07-13T11:36:01.073852+00:00,121.4,98316,33.747238333333335,-118.21567,1,0,False,False,127,0,0.0,0,0,59,102,368024740,True,los_angeles
636013691,636013691,YM UPWARD           ,33.75427833333333,-118.275515,2025-07-13T11:36:01.352034+00:00,173.1,85546,33.75427833333333,-118.275515,3,5,False,False,0,0,0.0,0,0,0,331,636013691,True,los_angeles
477124900,477124900,GUNVOR MAERSK,33.733019999999996,-118.244945,2025-07-13T11:36:01.488936+00:00,71.0,84938,33.733019999999996,-118.244945,3,5,False,False,0,0,0.0,0,0,0,71,477124900,True,los_angeles
367565520,367565520,LANA                ,33.77117,-118.21286,2025-07-13T11:36:01.735349+00:00,68.1,22160,33.77117,-118.21286,1,0,False,False,-128,0,0.1,0,0,1,511,367565520,True,los_angeles
368226970,368226970,LA FIREBOAT 2       ,33.740575,-118.27813166666667,2025-07-13T11:36:01.768171+00:00,258.4,24291,33.740575,-118.27813166666667,3,0,False,True,-128,0,0.2,0,0,1,511,368226970,True,los_angeles
367471080,367471080,ISABEL L            ,33.721408333333336,-118.26949666666665,2025-07-13T11:36:02.340032+00:00,160.4,3712,33.721408333333336,-118.26949666666665,3,0,True,False,-127,0,10.2,0,0,2,154,367471080,True,los_angeles
565286000,565286000,STRATEGIC EQUITY    ,33.746793333333336,-118.20665833333334,2025-07-13T11:36:02.437444+00:00,104.8,85386,33.746793333333336,-118.20665833333334,3,5,False,False,-3,0,0.0,0,0,2,179,565286000,True,los_angeles
368133450,368133450,DARELL HIATT        ,33.727313333333335,-118.195495,2025-07-13T11:36:02.457240+00:00,269.9,82125,33.727313333333335,-118.195495,1,12,True,False,0,0,0.4,0,0,1,251,368133450,True,los_angeles
366998840,366998840,MILLENIUM MAVERICK  ,33.7502,-118.2718,2025-07-13T11:36:03.705129+00:00,176.9,8112,33.7502,-118.2718,3,0,False,False,127,0,3.5,0,0,4,5,366998840,True,los_angeles
367754810,367754810,,33.76999666666667,-118.21353666666667,2025-07-13T11:36:07.856327+00:00,298.0,65822,33.76999666666667,-118.21353666666667,1,0,True,False,0,0,0.0,0,0,7,111,367754810,True,los_angeles
367395280,367395280,CLEAN OCEAN         ,33.73193333333333,-118.26424999999999,2025-07-13T11:36:08.130228+00:00,211.5,49334,33.73193333333333,-118.26424999999999,1,0,False,False,0,0,0.2,0,0,7,220,367395280,True,los_angeles
367421990,367421990,H R MORRIS          ,33.75299333333333,-118.22068666666668,2025-07-13T11:36:08.279597+00:00,229.5,2303,33.75299333333333,-118.22068666666668,1,3,True,False,-128,0,0.1,0,0,8,511,367421990,True,los_angeles
367034960,367034960,PONO                ,33.767465,-118.21695,2025-07-13T11:36:09.310873+00:00,225.8,65877,33.767465,-118.21695,1,0,False,False,-128,0,0.0,0,0,9,511,367034960,True,los_angeles
367001830,367001830,TERRI L BRUSCO      ,33.77088333333333,-118.213835,2025-07-13T11:36:10.191332+00:00,252.6,84154,33.77088333333333,-118.213835,3,5,True,False,0,0,0.0,0,0,8,64,367001830,True,los_angeles
368136950,368136950,HERCULES            ,33.73335,-118.24718333333334,2025-07-13T11:36:10.390102+00:00,126.3,33147,33.73335,-118.24718333333334,1,0,False,False,127,0,2.7,0,0,7,124,368136950,True,los_angeles
477116400,477116400,OOCL SUNFLOWER      ,33.75112166666666,-118.21800333333334,2025-07-13T11:36:10.542107+00:00,224.8,22160,33.75112166666666,-118.21800333333334,1,0,False,False,127,0,3.2,0,0,9,62,477116400,True,los_angeles
367124980,367124980,BEN CHERAMIE        ,33.73451,-118.27072333333334,2025-07-13T11:36:11.229334+00:00,218.4,2240,33.73451,-118.27072333333334,1,0,True,True,-128,0,0.0,0,0,11,511,367124980,True,los_angeles
367471080,367471080,ISABEL L            ,33.72102666666667,-118.26925333333334,2025-07-13T11:36:11.270825+00:00,152.9,65952,33.72102666666667,-118.26925333333334,1,0,True,False,0,0,10.4,0,0,11,152,367471080,True,los_angeles
563237800,563237800,EVER MEMO           ,33.74576833333334,-118.27195833333333,2025-07-13T11:36:11.281135+00:00,200.4,84938,33.74576833333334,-118.27195833333333,3,5,False,False,0,0,0.0,0,0,7,207,563237800,True,los_angeles
367044560,367044560,PILOT BOAT BANNING  ,33.76282,-118.26567333333334,2025-07-13T11:36:13.279401+00:00,222.9,22160,33.76282,-118.26567333333334,1,15,True,True,-128,0,0.0,0,0,13,511,367044560,True,los_angeles
367330510,367330510,PATRICIA ANN,33.754065,-118.27258333333333,2025-07-13T11:36:13.720466+00:00,135.0,8272,33.754065,-118.27258333333333,3,0,True,True,127,0,4.7,0,0,13,210,367330510,True,los_angeles
367035570,367035570,AMERICAN ISLANDER   ,33.73340666666667,-118.26351666666666,2025-07-13T11:36:13.844175+00:00,227.5,2249,33.73340666666667,-118.26351666666666,1,3,False,True,0,0,0.0,0,0,14,178,367035570,True,los_angeles
367199310,367199310,CATALINA JET        ,33.763045,-118.199455,2025-07-13T11:36:15.129909+00:00,260.4,22160,33.763045,-118.199455,1,15,False,False,-128,0,0.0,0,0,16,511,367199310,True,los_angeles
368136950,368136950,HERCULES            ,33.7333,-118.2471,2025-07-13T11:36:16.425439+00:00,125.6,3568,33.7333,-118.2471,3,0,False,False,-127,0,3.7,0,0,13,123,368136950,True,los_angeles
367006770,367006770,ROBYN J             ,33.72907,-118.27569166666667,2025-07-13T11:36:17.828308+00:00,273.0,49322,33.72907,-118.27569166666667,1,0,True,True,0,0,0.0,0,0,16,129,367006770,True,los_angeles
366760710,366760710,REDONDO             ,33.767538333333334,-118.21685833333332,2025-07-13T11:36:18.849980+00:00,220.5,84794,33.767538333333334,-118.21685833333332,3,5,True,True,-128,0,0.0,0,0,19,511,366760710,True,los_angeles
367625810,367625810,DELTA AUDREY        ,33.75002333333334,-118.22176666666665,2025-07-13T11:36:19.490510+00:00,263.3,82075,33.75002333333334,-118.22176666666665,1,0,True,False,0,0,3.2,0,0,19,86,367625810,True,los_angeles
366892000,366892000,JAMIE ANN           ,33.75182,-118.21809166666667,2025-07-13T11:36:19.908567+00:00,223.5,3696,33.75182,-118.21809166666667,3,0,True,False,-127,0,3.3,0,0,18,230,366892000,True,los_angeles
219130000,219130000,RHONE MAERSK        ,33.75968833333334,-118.21415166666667,2025-07-13T11:36:20.941920+00:00,94.9,86378,33.75968833333334,-118.21415166666667,3,5,False,False,0,0,0.0,0,0,21,0,219130000,True,los_angeles
368375410,368375410,METS-3              ,33.76341333333333,-118.26038666666666,2025-07-13T11:36:21.051113+00:00,360.0,995,33.76341333333333,-118.26038666666666,3,0,True,True,0,0,0.0,0,0,20,176,368375410,True,los_angeles
215126000,215126000,CMA CGM T.JEFFERSON,33.73153166666667,-118.25823166666667,2025-07-13T11:36:22.640875+00:00,360.0,85066,33.73153166666667,-118.25823166666667,3,5,True,True,0,0,0.0,0,0,22,251,215126000,True,los_angeles
368351000,368351000,IVER FOSS           ,33.770445,-118.21289333333334,2025-07-13T11:36:23.010862+00:00,118.4,83866,33.770445,-118.21289333333334,3,5,True,True,0,0,0.0,0,0,23,247,368351000,True,los_angeles
366926740,366926740,TIM QUIGG,33.763616666666664,-118.25703333333333,2025-07-13T11:36:25.984143+00:00,200.7,66502,33.763616666666664,-118.25703333333333,1,0,False,False,0,0,0.0,0,0,26,205,366926740,True,los_angeles
416464000,416464000,YM UNICORN          ,33.752500000000005,-118.27250000000001,2025-07-13T11:36:26.596692+00:00,151.7,0,33.752500000000005,-118.27250000000001,3,0,False,False,17,0,3.5,0,0,25,167,416464000,True,los_angeles
351124000,351124000,AMERICAN HIGHWAY    ,33.74260833333333,-118.21403833333333,2025-07-13T11:36:27.061510+00:00,322.6,22160,33.74260833333333,-118.21403833333333,1,0,True,False,0,0,5.3,0,0,26,323,351124000,True,los_angeles
477945300,477945300,ONE FORTUNE         ,33.74360166666666,-118.19442333333333,2025-07-13T11:36:28.131970+00:00,0.0,84490,33.74360166666666,-118.19442333333333,3,5,False,False,0,0,0.0,0,0,26,90,477945300,True,los_angeles
368171390,368171390,BROOKS M HAMILTON   ,33.731228333333334,-118.26096,2025-07-13T11:36:28.974808+00:00,263.1,82043,33.731228333333334,-118.26096,1,0,True,False,0,0,0.0,0,0,27,338,368171390,True,los_angeles
338602000,338602000,BALTIMORE           ,33.73493,-118.23201333333333,2025-07-13T11:36:30.127318+00:00,216.0,66654,33.73493,-118.23201333333333,1,15,False,False,0,0,0.1,0,0,35,148,338602000,True,los_angeles
338140889,338140889,SEA GUARDIAN        ,33.76999166666666,-118.21237666666666,2025-07-13T11:36:30.947457+00:00,236.8,99458,33.76999166666666,-118.21237666666666,1,15,False,True,-128,0,0.0,0,0,31,511,338140889,True,los_angeles
366998840,366998840,MILLENIUM MAVERICK  ,33.74981666666667,-118.2718,2025-07-13T11:36:31.515192+00:00,174.2,49348,33.74981666666667,-118.2718,1,0,False,False,-127,0,3.5,0,0,32,345,366998840,True,los_angeles
366994250,366994250,MASCO ENDEAVOR      ,33.731845,-118.26415833333334,2025-07-13T11:36:31.533488+00:00,202.9,85706,33.731845,-118.26415833333334,3,5,True,False,-128,0,0.0,0,0,31,511,366994250,True,los_angeles
368375410,368375410,METS-3              ,33.763416666666664,-118.26037333333333,2025-07-13T11:36:31.541850+00:00,360.0,33944,33.763416666666664,-118.26037333333333,1,0,True,True,0,0,0.0,0,0,31,176,368375410,True,los_angeles
367672140,367672140,MAURETANIA          ,33.72353833333333,-118.28044666666666,2025-07-13T11:36:32.586563+00:00,164.5,66749,33.72353833333333,-118.28044666666666,1,15,False,True,-128,0,0.0,0,0,31,511,367672140,True,los_angeles
368226970,368226970,LA FIREBOAT 2       ,33.740725000000005,-118.27822166666667,2025-07-13T11:36:32.801037+00:00,258.7,82097,33.740725000000005,-118.27822166666667,1,0,False,True,-128,0,0.0,0,0,32,511,368226970,True,los_angeles
538070070,538070070,TRITON              ,33.76133333333333,-118.19316333333333,2025-07-13T11:36:34.212213+00:00,356.1,84730,33.76133333333333,-118.19316333333333,3,5,False,False,0,0,0.0,0,0,33,354,538070070,True,los_angeles
367401030,367401030,DELTA BILLIE        ,33.75174166666667,-118.21658666666667,2025-07-13T11:36:34.365017+00:00,211.9,138576,33.75174166666667,-118.21658666666667,3,0,False,False,127,0,3.6,0,0,17,203,367401030,True,los_angeles
369703000,369703000,OCEAN RELIANCE      ,33.742106666666665,-118.16986666666666,2025-07-13T11:36:37.372692+00:00,87.4,84986,33.742106666666665,-118.16986666666666,3,1,False,False,0,0,0.1,0,0,37,296,369703000,True,los_angeles
374803000,374803000,BOSTON HARMONY      ,33.727743333333336,-118.19569666666666,2025-07-13T11:36:38.116435+00:00,143.9,84938,33.727743333333336,-118.19569666666666,3,1,True,False,0,0,0.0,0,0,34,248,374803000,True,los_angeles
366760650,366760650,LEADER              ,33.7336,-118.244265,2025-07-13T11:36:39.139475+00:00,96.4,22160,33.7336,-118.244265,1,0,True,False,0,0,0.0,0,0,38,343,366760650,True,los_angeles
367401030,367401030,DELTA BILLIE        ,33.75163666666666,-118.21666833333333,2025-07-13T11:36:41.341193+00:00,216.7,180398,33.75163666666666,-118.21666833333333,1,0,False,False,0,0,3.6,0,0,25,204,367401030,True,los_angeles
367330510,367330510,PATRICIA ANN,33.75362333333333,-118.27212333333334,2025-07-13T11:36:41.406029+00:00,139.7,2200,33.75362333333333,-118.27212333333334,1,0,True,True,127,0,4.6,0,0,41,219,367330510,True,los_angeles
368351350,368351350,MARMAC 304          ,33.74585166666667,-118.224255,2025-07-13T11:36:42.130366+00:00,289.2,49331,33.74585166666667,-118.224255,1,15,False,False,0,0,0.0,0,0,41,9,368351350,True,los_angeles
441701000,441701000,SM LONG BEACH       ,33.7673,-118.23696666666666,2025-07-13T11:36:42.717724+00:00,203.0,0,33.7673,-118.23696666666666,3,5,False,False,0,0,0.0,0,0,42,75,441701000,True,los_angeles
367492920,367492920,WYATT M             ,33.73554666666667,-118.27122166666666,2025-07-13T11:36:43.735238+00:00,44.9,2217,33.73554666666667,-118.27122166666666,1,15,True,False,0,0,0.1,0,0,42,11,367492920,True,los_angeles
368010330,368010330,LILLIAN FOSS        ,33.770695,-118.21253833333334,2025-07-13T11:36:45.005447+00:00,321.7,99980,33.770695,-118.21253833333334,1,0,False,False,0,0,0.0,0,0,43,62,368010330,True,los_angeles
367760290,367760290,FIREBOAT 15         ,33.747945,-118.21554833333333,2025-07-13T11:36:45.181031+00:00,321.0,85338,33.747945,-118.21554833333333,3,5,False,False,-128,0,0.0,0,0,44,511,367760290,True,los_angeles
368171260,368171260,MADELINE B HAMILTON ,33.73124333333333,-118.260855,2025-07-13T11:36:47.274939+00:00,51.0,34534,33.73124333333333,-118.260855,1,12,True,False,0,0,0.0,0,0,46,342,368171260,True,los_angeles
477293900,477293900,CSCL SUMMER         ,33.73671,-118.19229,2025-07-13T11:36:47.959121+00:00,158.0,84938,33.73671,-118.19229,3,5,False,False,0,0,0.1,0,0,44,90,477293900,True,los_angeles
366755010,366755010,MASTER,33.740265,-118.27814833333333,2025-07-13T11:36:48.496499+00:00,196.3,67348,33.740265,-118.27814833333333,1,15,True,False,0,0,0.0,0,0,48,9,366755010,True,los_angeles
368084540,368084540,DELTA TERESA        ,33.73408,-118.24242166666666,2025-07-13T11:36:49.822466+00:00,123.7,7888,33.73408,-118.24242166666666,3,0,True,False,127,0,1.8,0,0,47,139,368084540,True,los_angeles
368024740,368024740,LB PILOT BOAT  ORION,33.74724166666667,-118.21566,2025-07-13T11:36:50.530882+00:00,121.4,4816,33.74724166666667,-118.21566,3,0,False,False,-127,0,0.1,0,0,49,98,368024740,True,los_angeles
367533290,367533290,MARIE CHERAMIE,33.734485,-118.270925,2025-07-13T11:36:50.580457+00:00,12.7,49333,33.734485,-118.270925,1,0,False,False,5,0,0.0,0,0,50,4,367533290,True,los_angeles
367661930,367661930,MICHELLE SLOAN      ,33.74143,-118.21306166666666,2025-07-13T11:36:52.674957+00:00,321.3,34725,33.74143,-118.21306166666666,1,0,True,False,-127,0,5.2,0,0,52,317,367661930,True,los_angeles
367175860,367175860,INDEPENDENCE,33.74258833333333,-118.21432666666666,2025-07-13T11:36:53.901373+00:00,323.1,22160,33.74258833333333,-118.21432666666666,1,0,True,True,0,0,5.3,0,0,53,326,367175860,True,los_angeles
367017440,367017440,PIPER INNESS        ,33.77086,-118.211675,2025-07-13T11:36:54.029181+00:00,236.7,86602,33.77086,-118.211675,3,5,True,True,-128,0,0.0,0,0,54,511,367017440,True,los_angeles
366888850,366888850,LINDSAY C           ,33.753636666666665,-118.22417333333333,2025-07-13T11:36:55.441931+00:00,179.0,84314,33.753636666666665,-118.22417333333333,3,5,False,False,0,0,0.0,0,0,54,255,366888850,True,los_angeles
220414000,220414000,GJERTRUD MAERSK,33.730716666666666,-118.25278333333334,2025-07-13T11:36:57.386546+00:00,360.0,85226,33.730716666666666,-118.25278333333334,3,5,False,False,0,0,0.0,0,0,60,71,220414000,True,los_angeles
367104040,367104040,KNOX T              ,33.73502666666666,-118.27077333333334,2025-07-13T11:36:58.960141+00:00,141.8,2266,33.73502666666666,-118.27077333333334,1,15,True,False,0,0,0.0,0,0,56,186,367104040,True,los_angeles
367565520,367565520,LANA                ,33.77117166666667,-118.21286666666667,2025-07-13T11:37:01.397396+00:00,68.1,2297,33.77117166666667,-118.21286666666667,1,0,False,False,-128,0,0.0,0,0,1,511,367565520,True,los_angeles
368133450,368133450,DARELL HIATT        ,33.727275,-118.19564333333332,2025-07-13T11:37:02.640204+00:00,256.3,65610,33.727275,-118.19564333333332,1,12,True,False,0,0,0.5,0,0,1,249,368133450,True,los_angeles
